{
  "title": "Cost per deck (model estimate, USD)",
  "series": {
    "pitchbook": {
      "histogram": {
        "bin_edges": [
          1277.5022245757764,
          2002.3769050310843,
          2727.2515854863923,
          3452.1262659417,
          4177.000946397007,
          4901.875626852316,
          5626.750307307623,
          6351.624987762932,
          7076.499668218239,
          7801.374348673547,
          8526.249029128856,
          9251.123709584162,
          9975.998390039469,
          10700.873070494777,
          11425.747750950086,
          12150.622431405394,
          12875.497111860703,
          13600.371792316011,
          14325.246472771316,
          15050.121153226624,
          15774.995833681933,
          16499.87051413724,
          17224.74519459255,
          17949.619875047854,
          18674.494555503163,
          19399.36923595847,
          20124.24391641378,
          20849.118596869088,
          21573.993277324396,
          22298.8679577797,
          23023.74263823501,
          23748.617318690318,
          24473.491999145626,
          25198.366679600935,
          25923.241360056243,
          26648.11604051155,
          27372.990720966856,
          28097.865401422165,
          28822.740081877473,
          29547.61476233278,
          30272.48944278809,
          30997.3641232434,
          31722.238803698703,
          32447.11348415401,
          33171.98816460932,
          33896.86284506463,
          34621.73752551994,
          35346.612205975245,
          36071.48688643055,
          36796.36156688586,
          37521.23624734117,
          38246.11092779648,
          38970.98560825179,
          39695.860288707096,
          40420.734969162404,
          41145.60964961771,
          41870.48433007302,
          42595.35901052833,
          43320.23369098363,
          44045.10837143894,
          44769.98305189425
        ],
        "density": [
          3.743499272855737e-07,
          2.9116105455544617e-06,
          7.584052230563294e-06,
          1.4779889721719326e-05,
          2.297399368563686e-05,
          3.28942667587046e-05,
          4.0526845831693746e-05,
          4.6460985419776234e-05,
          5.277640734120508e-05,
          5.685959451104203e-05,
          5.8412453468671293e-05,
          6.0547634535411236e-05,
          6.149044175968586e-05,
          6.159442785059852e-05,
          5.9895988365691755e-05,
          5.7282471280753576e-05,
          5.527900592916968e-05,
          5.254070553513658e-05,
          4.9275542280478814e-05,
          4.788212866224918e-05,
          4.594798737127372e-05,
          4.268975652267706e-05,
          3.7989585213425054e-05,
          3.504331263756618e-05,
          3.3934127667831145e-05,
          3.071749125559955e-05,
          2.9476590570708487e-05,
          2.6897735516074536e-05,
          2.4457528582657587e-05,
          2.192026796438858e-05,
          2.039513863100291e-05,
          1.9071049073381715e-05,
          1.6852679133911648e-05,
          1.5320617394465134e-05,
          1.4107446333817444e-05,
          1.242980406709327e-05,
          1.1694969024643749e-05,
          1.0343149842779177e-05,
          9.33101855789596e-06,
          8.73483163666338e-06,
          7.979199376031389e-06,
          7.452336515407286e-06,
          6.48873207294994e-06,
          5.9480044002041116e-06,
          5.240898981998029e-06,
          4.776427775921484e-06,
          4.0554575455937125e-06,
          3.993065891046117e-06,
          3.3136900970834096e-06,
          2.967069794041212e-06,
          2.779894830398425e-06,
          2.357018060686944e-06,
          2.225302345530909e-06,
          2.0103977576447463e-06,
          1.8440200121844914e-06,
          1.7331015152109881e-06,
          1.3726164000471024e-06,
          1.1715766242826397e-06,
          1.15771181216094e-06,
          9.844016606398412e-07
        ]
      },
      "percentiles": {
        "p10": 6623.041326495731,
        "p50": 13610.120780567831,
        "p90": 26154.047856777637
      }
    },
    "ic_deck": {
      "histogram": {
        "bin_edges": [
          739.8749987781025,
          1115.4257821455,
          1490.9765655128977,
          1866.5273488802952,
          2242.078132247693,
          2617.6289156150906,
          2993.179698982488,
          3368.7304823498857,
          3744.281265717283,
          4119.83204908468,
          4495.382832452078,
          4870.9336158194765,
          5246.484399186873,
          5622.035182554271,
          5997.585965921669,
          6373.136749289066,
          6748.687532656464,
          7124.2383160238605,
          7499.789099391259,
          7875.339882758657,
          8250.890666126053,
          8626.441449493452,
          9001.99223286085,
          9377.543016228246,
          9753.093799595645,
          10128.644582963043,
          10504.19536633044,
          10879.746149697838,
          11255.296933065236,
          11630.847716432632,
          12006.39849980003,
          12381.949283167427,
          12757.500066534825,
          13133.050849902223,
          13508.60163326962,
          13884.152416637018,
          14259.703200004415,
          14635.253983371813,
          15010.804766739211,
          15386.355550106608,
          15761.906333474006,
          16137.457116841404,
          16513.0079002088,
          16888.558683576197,
          17264.109466943595,
          17639.660250310993,
          18015.211033678388,
          18390.761817045786,
          18766.312600413185,
          19141.863383780583,
          19517.41416714798,
          19892.964950515376,
          20268.515733882774,
          20644.066517250172,
          21019.61730061757,
          21395.16808398497,
          21770.718867352367,
          22146.26965071976,
          22521.82043408716,
          22897.371217454558,
          23272.922000821956
        ],