{
  "meta": {
    "seed": 20260706,
    "n_draws": 200000,
    "note": "All figures are model estimates (USD). See METHODOLOGY.md and SOURCES.md."
  },
  "decks": {
    "pitchbook": {
      "draft_hours": {
        "p10": 18.220418893226906,
        "p50": 35.532893488146435,
        "p90": 64.23796585989965
      },
      "churn_hours": {
        "p10": 16.926688888866263,
        "p50": 37.14845067226271,
        "p90": 76.06857869232734
      },
      "review_hours": {
        "p10": 10.588578636433434,
        "p50": 22.65044783044459,
        "p90": 45.257618949832036
      },
      "total_hours": {
        "p10": 47.91539868814274,
        "p50": 96.59392670200008,
        "p90": 181.59797911706195
      },
      "draft_cost": {
        "p10": 1660.1992914558734,
        "p50": 3272.888781000288,
        "p90": 6003.7994971436265
      },
      "churn_cost": {
        "p10": 1545.8674004249358,
        "p50": 3426.288534395074,
        "p90": 7084.298608817332
      },
      "review_cost": {
        "p10": 3089.6602790878533,
        "p50": 6710.66020660737,
        "p90": 13682.147259726647
      },
      "junior_cost": {
        "p10": 3333.1140791846324,
        "p50": 6778.11028656632,
        "p90": 12851.168369189994
      },
      "total_cost": {
        "p10": 6623.041326495731,
        "p50": 13610.120780567831,
        "p90": 26154.047856777637
      },
      "churn_share_of_cost": {
        "p10": 0.1907911678223779,
        "p50": 0.25425509336265206,
        "p90": 0.32596408637352314
      },
      "churn_share_of_hours": {
        "p10": 0.30559270878719735,
        "p50": 0.39117309669043854,
        "p90": 0.4707615472242633
      },
      "churn_attributable_cost_share": {
        "p10": 0.40551060758948704,
        "p50": 0.5149953686387805,
        "p90": 0.6125739923795434
      },
      "blended_rate": {
        "p10": 123.04695693874328,
        "p50": 141.05082843462804,
        "p90": 161.52817128446338
      }
    },
    "ic_deck": {
      "draft_hours": {
        "p10": 14.632775501690293,
        "p50": 26.71652220138604,
        "p90": 45.26198245879609
      },
      "churn_hours": {
        "p10": 11.520106863478913,
        "p50": 24.43344137292945,
        "p90": 48.043189289743786
      },
      "review_hours": {
        "p10": 7.90720070013303,
        "p50": 15.932030023211695,
        "p90": 30.160416542633097
      },
      "total_hours": {
        "p10": 36.000130874454605,
        "p50": 67.95874049410607,
        "p90": 120.15054931750994
      },
      "draft_cost": {
        "p10": 1395.4867687883275,
        "p50": 2605.410143285695,
        "p90": 4541.558959686219
      },
      "churn_cost": {
        "p10": 1103.2084192174348,
        "p50": 2384.983149677943,
        "p90": 4808.925434792224
      },
      "review_cost": {
        "p10": 1319.0363106849209,
        "p50": 2699.192319715382,
        "p90": 5195.189630540882
      },
      "junior_cost": {
        "p10": 2627.863765346709,
        "p50": 5046.533867246245,
        "p90": 9139.402248203227
      },
      "total_cost": {
        "p10": 4071.695730578026,
        "p50": 7827.186016047349,
        "p90": 14132.54832471945
      },
      "churn_share_of_cost": {
        "p10": 0.22882616004449574,
        "p50": 0.3106152072146402,
        "p90": 0.39142482730247724
      },
      "churn_share_of_hours": {
        "p10": 0.27498981713036996,
        "p50": 0.3668202565135191,
        "p90": 0.44954763736088893
      },
      "churn_attributable_cost_share": {
        "p10": 0.364421736567181,
        "p50": 0.48260025046522514,
        "p90": 0.5851551586129947
      },
      "blended_rate": {
        "p10": 100.02804544487603,
        "p50": 115.35610327321055,
        "p90": 132.09712406384753
      }
    },
    "consulting_deck": {
      "draft_hours": {
        "p10": 28.990063947165588,
        "p50": 50.0945269344305,
        "p90": 82.63020010542162
      },
      "churn_hours": {
        "p10": 27.501025535192678,
        "p50": 54.419011992393294,
        "p90": 101.94353184858193
      },
      "review_hours": {
        "p10": 16.867206881060987,
        "p50": 32.580967342087035,
        "p90": 59.91702930948861
      },
      "total_hours": {
        "p10": 77.24442629176158,
        "p50": 138.591331948611,
        "p90": 238.27076224560355
      },
      "draft_cost": {
        "p10": 2436.00756255936,
        "p50": 4288.519772503854,
        "p90": 7205.285922203066
      },
      "churn_cost": {
        "p10": 2322.4133688743955,
        "p50": 4658.664286105019,
        "p90": 8835.600246681519
      },
      "review_cost": {
        "p10": 2475.253301882158,
        "p50": 4977.3939005126485,
        "p90": 9602.394340320421
      },
      "junior_cost": {
        "p10": 4969.268631691513,
        "p50": 9028.485520730374,
        "p90": 15701.217733300038
      },
      "total_cost": {
        "p10": 7669.336687221385,
        "p50": 14117.099808655035,
        "p90": 24926.527793007495
      },
      "churn_share_of_cost": {
        "p10": 0.2572953262178218,
        "p50": 0.3340136830758427,
        "p90": 0.4091732796559709
      },
      "churn_share_of_hours": {
        "p10": 0.3129850339855744,
        "p50": 0.3988901506914866,
        "p90": 0.4739178657481142
      },
      "churn_attributable_cost_share": {
        "p10": 0.41508668497469375,
        "p50": 0.525332904384525,
        "p90": 0.615483432292773
      },
      "blended_rate": {
        "p10": 86.76719666912581,
        "p50": 101.95020579887013,
        "p90": 119.61424752003359
      }
    }
  },
  "annual_seat_cost": {
    "ib_analyst_seat": {
      "p10": 56804.66019667247,
      "p50": 82544.8851855066,
      "p90": 114965.21831557558
    },
    "consulting_analyst_seat": {
      "p10": 38775.24898599885,
      "p50": 55201.908145954614,
      "p90": 74335.64820869316
    }
  },
  "ib_team_annual_cost_4a2a_plus_vp_review": {
    "p10": 883816.7238726737,
    "p50": 1318051.1688176957,
    "p90": 1895043.331658863
  },
  "books_per_analyst_year_crosscheck": {
    "p10": 7.843178052086412,
    "p50": 16.132780909789048,
    "p90": 34.88058008243448
  },
  "consulting_engagement_month_deck_cost": {
    "p10": 32919.53595534178,
    "p50": 46946.129606285125,
    "p90": 63233.75569122156
  }
}